,Network,Station,Latitudes,Longitudes,Start Date,End Date,Channels
0,UW,ASR,46.15259,-121.60164,1982-09-01T00:00:00.000000Z,2023-05-16T00:00:00.000000Z,EHZ
1,UW,AUG,45.73595,-121.68174,1981-10-01T00:00:00.000000Z,2024-03-12T21:01:39.561641Z,EHZ
2,UW,BULL,45.44589,-122.15589,2003-02-25T00:00:00.000000Z,2024-03-12T21:01:39.561641Z,"['ENE', 'ENN', 'ENZ']"
3,UW,CDF,46.11712,-122.04625,1980-03-29T00:00:00.000000Z,2024-03-12T21:01:39.561641Z,EHZ
4,UW,COLT,45.17044,-122.438152,2002-09-11T00:00:00.000000Z,2024-03-12T21:01:39.561641Z,"['ENE', 'ENE', 'ENN', 'ENN', 'ENZ', 'ENZ']"
5,UW,EDM,46.19717,-122.15121,1980-06-01T00:00:00.000000Z,2024-03-12T21:01:39.561641Z,EHZ
6,UW,ELK,46.30597,-122.34167,1980-05-16T00:00:00.000000Z,2024-03-12T21:01:39.561641Z,EHZ
7,UW,ELL,46.909512,-120.567513,1979-11-24T00:00:00.000000Z,2024-03-12T21:01:39.561641Z,EHZ
8,UW,FL2,46.19622,-122.351486,1984-08-03T00:00:00.000000Z,2024-03-12T21:01:39.561641Z,EHZ
9,UW,FMW,46.941914,-121.671463,1972-09-01T00:00:00.000000Z,2024-03-12T21:01:39.561641Z,"['EHZ', 'EHZ']"
10,UW,GHW,47.041489,-122.273727,1975-08-13T00:00:00.000000Z,2024-03-12T21:01:39.561641Z,"['EHZ', 'ENE', 'ENN', 'ENZ']"
11,UW,GLDO,45.838779,-120.814789,2011-08-05T00:00:00.000000Z,2019-11-08T00:00:00.000000Z,"['EHZ', 'EHZ', 'ENE', 'ENE', 'ENN', 'ENN', 'ENZ', 'ENZ']"
12,UW,GLK,46.557499,-121.610733,1973-01-01T00:00:00.000000Z,2024-03-12T21:01:39.561641Z,EHZ
13,UW,GSM,47.20388,-121.796043,1970-06-01T00:00:00.000000Z,2024-03-12T21:01:39.561641Z,"['EHZ', 'EHZ', 'ENE', 'ENE', 'ENN', 'ENN', 'ENZ', 'ENZ', 'EHZ']"
14,UW,GUL,45.924011,-121.596748,1986-07-31T00:00:00.000000Z,2017-07-27T00:00:00.000000Z,EHZ
15,UW,HOOD,45.322262,-121.650932,2002-11-05T00:00:00.000000Z,2024-03-12T21:01:39.561641Z,"['BHE', 'BHN', 'BHZ', 'ENE', 'ENN', 'ENZ']"
16,UW,HSR,46.17428,-122.18065,1985-08-12T00:00:00.000000Z,2024-03-12T21:01:39.561641Z,"['EHZ', 'ELZ']"
17,UW,JUN,46.14706,-122.152428,1980-05-08T00:00:00.000000Z,2024-03-12T21:01:39.561641Z,"['EHZ', 'ELZ']"
18,UW,KENT,45.235699,-120.635101,2009-01-08T00:00:00.000000Z,2024-03-12T21:01:39.561641Z,"['ACE', 'ENE', 'ENN', 'ENZ', 'HHE', 'HHN', 'HHZ', 'LCE', 'LCQ', 'LOG', 'LTW', 'OCF', 'VCO', 'VEA', 'VEC', 'VEP', 'VFP', 'VKI', 'VM1', 'VM2', 'VM3', 'VPB']"
19,UW,KOS,46.462799,-122.196022,1981-05-07T00:00:00.000000Z,2019-09-05T00:00:00.000000Z,EHZ
20,UW,KREP,45.8852,-121.4597,2017-08-31T00:00:00.000000Z,2024-03-12T21:01:39.561641Z,"['ENE', 'ENN', 'ENZ', 'HHE', 'HHN', 'HHZ', 'LCE', 'LCL', 'LCQ', 'LOG', 'OCF', 'SBT', 'SCA', 'SCE', 'SCK', 'SCS', 'SCT', 'SDG', 'SDL', 'SDT', 'SIO', 'SMD', 'SNI', 'SPK', 'SPO', 'SRD', 'SSL', 'SSQ', 'STH', 'SWR', 'VAP', 'VCO', 'VEA', 'VEC', 'VEP', 'VFP', 'VKI', 'VM1', 'VM2', 'VM3']"
21,UW,LCCR,45.2059,-122.4784,2005-11-09T00:00:00.000000Z,2024-03-12T21:01:39.561641Z,"['ACE', 'ENE', 'ENN', 'ENZ', 'HHE', 'HHN', 'HHZ', 'LCE', 'LCQ', 'LOG', 'LTW', 'OCF', 'VCO', 'VEA', 'VEC', 'VEP', 'VFP', 'VKI', 'VM0', 'VM1', 'VM2', 'VM3', 'VM4', 'VM5', 'VM6', 'VPB']"
22,UW,LO2,46.750599,-121.809601,1988-03-17T00:00:00.000000Z,2024-03-12T21:01:39.561641Z,EHZ
23,UW,LON,46.750599,-121.809601,1964-03-30T00:00:00.000000Z,2024-03-12T21:01:39.561641Z,"['BHE', 'BHE', 'BHN', 'BHN', 'BHZ', 'BHZ', 'ENE', 'ENE', 'ENN', 'ENN', 'ENZ', 'ENZ']"
24,UW,LVP,46.065948,-122.401932,1980-04-01T00:00:00.000000Z,2024-03-12T21:01:39.561641Z,EHZ
25,UW,MANO,46.951105,-120.724695,2017-09-28T00:00:00.000000Z,2024-03-12T21:01:39.561641Z,"['ENE', 'ENN', 'ENZ', 'HHE', 'HHN', 'HHZ']"
26,UW,MAUP,45.1762,-121.07912,2009-09-23T00:00:00.000000Z,2024-03-12T21:01:39.562641Z,"['ENE', 'ENN', 'ENZ', 'HNE', 'HNN', 'HNZ']"
27,UW,MORO,45.474312,-120.741829,2011-04-21T00:00:00.000000Z,2024-03-12T21:01:39.562641Z,"['CPU', 'DEG', 'DSK', 'EHZ', 'EHZ', 'ENE', 'ENE', 'ENN', 'ENN', 'ENZ', 'ENZ', 'HUM', 'LCE', 'LCQ', 'MEM', 'VBB', 'VBC', 'VCO', 'VEC', 'VEP', 'VSP', 'VVB', 'VVX']"
28,UW,MTM,46.02533,-122.212868,1980-03-27T00:00:00.000000Z,2024-03-12T21:01:39.562641Z,EHZ
29,UW,NAC,46.733009,-120.824852,1973-01-01T00:00:00.000000Z,2024-03-12T21:01:39.562641Z,EHZ
30,UW,PAYL,47.19284,-122.31303,2001-07-01T00:00:00.000000Z,2024-03-12T21:01:39.562641Z,"['ENE', 'ENN', 'ENZ', 'HNE', 'HNN', 'HNZ']"
31,UW,PCEP,47.1114,-122.29122,2000-08-02T00:00:00.000000Z,2024-03-12T21:01:39.562641Z,"['ENE', 'ENN', 'ENZ']"
32,UW,PCFR,46.990547,-122.442787,2000-08-01T00:00:00.000000Z,2024-03-12T21:01:39.562641Z,"['EHZ', 'EHZ', 'ENE', 'ENE', 'ENN', 'ENN', 'ENZ', 'ENZ']"
33,UW,PGO,45.461681,-122.454399,1982-06-27T00:00:00.000000Z,2019-08-24T00:00:00.000000Z,"['EHZ', 'EHZ', 'ENE', 'ENN', 'ENZ', 'HNE', 'HNN', 'HNZ']"
34,UW,QDNP,47.16575,-122.27041,2016-11-29T00:00:00.000000Z,2024-03-12T21:01:39.562641Z,"['HNE', 'HNN', 'HNZ']"
35,UW,QFFG,47.24414,-122.35802,2010-10-15T00:00:00.000000Z,2016-05-19T00:00:00.000000Z,"['HNE', 'HNN', 'HNZ']"
36,UW,QGLD,46.64435,-120.582741,2010-04-01T00:00:00.000000Z,2017-07-04T00:00:00.000000Z,"['HNE', 'HNN', 'HNZ']"
37,UW,QSAL,45.51522,-122.49525,2012-03-09T00:00:00.000000Z,2024-03-12T21:01:39.562641Z,"['HNE', 'HNN', 'HNZ']"
38,UW,QTKM,47.22864,-122.44819,2011-05-14T00:00:00.000000Z,2024-03-12T21:01:39.562641Z,"['HNE', 'HNN', 'HNZ']"
39,UW,RCM,46.83564,-121.73298,1993-09-09T00:00:00.000000Z,2024-03-12T21:01:39.562641Z,"['EH1', 'EH2', 'EHZ']"
40,UW,RCS,46.870831,-121.732307,1989-06-27T00:00:00.000000Z,2024-03-12T21:01:39.562641Z,EHZ
41,UW,RER,46.81858,-121.8425,1989-07-13T00:00:00.000000Z,2024-03-12T21:01:39.562641Z,EHZ
42,UW,RVC,46.94408,-121.97419,1983-01-01T00:00:00.000000Z,2021-01-10T00:00:00.000000Z,EHZ
43,UW,SHW,46.19364,-122.23492,1972-10-01T00:00:00.000000Z,2024-03-12T21:01:39.562641Z,"['EHZ', 'ELZ']"
44,UW,SMNR,47.2046,-122.2315,2001-07-01T00:00:00.000000Z,2018-05-30T00:00:00.000000Z,"['ENE', 'ENN', 'ENZ']"
45,UW,SOS,46.243858,-122.137871,1980-05-16T00:00:00.000000Z,2024-03-12T21:01:39.562641Z,EHZ
46,UW,STAR,46.850849,-121.792953,2008-09-15T00:00:00.000000Z,2024-03-12T21:01:39.562641Z,"['EHE', 'EHN', 'EHZ', 'ELZ', 'EHE', 'EHN', 'EHZ', 'ELZ']"
47,UW,STD,46.23761,-122.223961,1982-05-01T00:00:00.000000Z,2017-09-14T00:00:00.000000Z,EHZ
48,UW,STOR,47.188099,-121.9888,2008-12-03T00:00:00.000000Z,2024-03-12T21:01:39.562641Z,"['ACE', 'ENE', 'ENN', 'ENZ', 'HHE', 'HHN', 'HHZ', 'LCE', 'LCQ', 'LOG', 'LTW', 'OCF', 'VCO', 'VEA', 'VEC', 'VEP', 'VFP', 'VHE', 'VHN', 'VHZ', 'VKI', 'VM0', 'VM1', 'VM2', 'VM3', 'VM4', 'VM5', 'VM6', 'VPB']"
49,UW,TBM,47.169849,-120.599182,1973-01-01T00:00:00.000000Z,2024-03-12T21:01:39.562641Z,EHZ
50,UW,TDH,45.289998,-121.791446,1982-09-01T00:00:00.000000Z,2024-03-12T21:01:39.562641Z,EHZ
51,UW,TDL,46.35067,-122.21704,1983-11-12T00:00:00.000000Z,2024-03-12T21:01:39.562641Z,EHZ
52,UW,TRW,46.292068,-120.543121,1994-10-01T00:00:00.000000Z,2024-03-12T21:01:39.562641Z,EHZ
53,UW,TWW,47.13801,-120.86952,1986-10-24T00:00:00.000000Z,2017-01-13T00:00:00.000000Z,EHZ
54,UW,VBE,45.060169,-121.588013,1979-10-01T00:00:00.000000Z,2024-03-12T21:01:39.562641Z,EHZ
55,UW,VFP,45.317992,-121.466299,1980-10-01T00:00:00.000000Z,2024-03-12T21:01:39.562641Z,EHZ
56,UW,VGB,45.51551,-120.77867,1980-04-01T00:00:00.000000Z,2022-12-13T00:00:00.000000Z,EHZ
57,UW,VLL,45.463169,-121.680351,1980-10-01T00:00:00.000000Z,2024-03-12T21:01:39.562641Z,EHZ
58,UW,VLM,45.538342,-122.040359,1980-06-01T00:00:00.000000Z,2024-03-12T21:01:39.562641Z,EHZ
59,UW,VTH,45.181019,-120.562492,1980-03-01T00:00:00.000000Z,2018-02-01T00:00:00.000000Z,EHZ
60,UW,WPW,46.698639,-121.537338,1980-03-27T00:00:00.000000Z,2017-04-19T00:00:00.000000Z,EHZ
61,UW,YA2,46.52652,-120.531181,1994-07-22T00:00:00.000000Z,2024-03-12T21:01:39.562641Z,EHZ
62,UW,YACT,45.9325,-122.4193,2005-05-10T00:00:00.000000Z,2024-03-12T21:01:39.562641Z,"['ACE', 'ENE', 'ENN', 'ENZ', 'HHE', 'HHN', 'HHZ', 'LCE', 'LCQ', 'LOG', 'LTW', 'OCF', 'VCO', 'VEA', 'VEC', 'VEP', 'VFP', 'VKI', 'VM0', 'VM1', 'VM2', 'VM3', 'VM4', 'VM5', 'VM6', 'VPB']"
63,XU,E050,46.768902,-122.091599,2006-07-20T00:00:00.000000Z,2008-12-31T23:59:59.000000Z,"['BHE', 'BHN', 'BHZ', 'LOG', 'VM1', 'VM2', 'VM3']"
64,XU,E060,46.626499,-121.264503,2006-07-23T00:00:00.000000Z,2008-12-31T23:59:59.000000Z,"['BHE', 'BHN', 'BHZ', 'LOG', 'VM1', 'VM2', 'VM3']"
65,XU,E070,46.509201,-122.453903,2006-07-24T00:00:00.000000Z,2008-12-31T23:59:59.000000Z,"['BHE', 'BHN', 'BHZ', 'LOG', 'VM1', 'VM2', 'VM3']"
66,XU,N085,47.068699,-122.383598,2006-07-20T00:00:00.000000Z,2008-12-31T23:59:59.000000Z,"['BHE', 'BHN', 'BHZ', 'LOG', 'VM1', 'VM2', 'VM3']"
67,XU,N090,47.185799,-122.195297,2006-10-04T00:00:00.000000Z,2008-12-31T23:59:59.000000Z,"['BHE', 'BHN', 'BHZ', 'LOG', 'VM1', 'VM2', 'VM3']"
68,XU,N110,47.145302,-121.636497,2006-07-25T00:00:00.000000Z,2008-12-31T23:59:59.000000Z,"['BHE', 'BHN', 'BHZ', 'LOG', 'VM1', 'VM2', 'VM3']"
69,XU,N120,47.216499,-121.481903,2006-07-28T00:00:00.000000Z,2008-12-31T23:59:59.000000Z,"['BHE', 'BHN', 'BHZ', 'LOG', 'VM1', 'VM2', 'VM3']"
70,XU,N130,47.247002,-121.047997,2006-07-25T00:00:00.000000Z,2008-12-31T23:59:59.000000Z,"['BHE', 'BHN', 'BHZ', 'LOG', 'VM1', 'VM2', 'VM3']"
71,XU,S065,46.866798,-122.3806,2006-07-21T00:00:00.000000Z,2008-12-31T23:59:59.000000Z,"['BHE', 'BHN', 'BHZ', 'LOG', 'VM1', 'VM2', 'VM3']"
72,XU,S070,46.980499,-122.243896,2006-07-26T00:00:00.000000Z,2008-12-31T23:59:59.000000Z,"['BHE', 'BHN', 'BHZ', 'LOG', 'VM1', 'VM2', 'VM3']"
73,XU,S080,47.004002,-121.988098,2006-07-25T00:00:00.000000Z,2008-12-31T23:59:59.000000Z,"['BHE', 'BHN', 'BHZ', 'LOG', 'VM1', 'VM2', 'VM3']"
74,XU,S090,46.989601,-121.5355,2006-07-27T00:00:00.000000Z,2008-12-31T23:59:59.000000Z,"['BHE', 'BHN', 'BHZ', 'LOG', 'VM1', 'VM2', 'VM3']"
75,XU,S100,46.980099,-121.108398,2006-07-22T00:00:00.000000Z,2008-12-31T23:59:59.000000Z,"['BHE', 'BHN', 'BHZ', 'LOG', 'VM1', 'VM2', 'VM3']"
76,XD,MA05,46.754669,-122.226189,2014-05-01T00:00:00.000000Z,2016-12-31T23:59:59.000000Z,"['BHE', 'BHN', 'BHZ', 'HHE', 'HHN', 'HHZ', 'LHE', 'LHN', 'LHZ']"
77,XD,MB05,46.620869,-122.281021,2014-05-01T00:00:00.000000Z,2016-12-31T23:59:59.000000Z,"['BHE', 'BHN', 'BHZ', 'HHE', 'HHN', 'HHZ', 'LHE', 'LHN', 'LHZ']"
78,XD,MB07,46.623779,-122.042389,2014-05-01T00:00:00.000000Z,2016-12-31T23:59:59.000000Z,"['BHE', 'BHN', 'BHZ', 'HHE', 'HHN', 'HHZ', 'LHE', 'LHN', 'LHZ']"
79,XD,MC06,46.552021,-122.157204,2014-05-01T00:00:00.000000Z,2016-12-31T23:59:59.000000Z,"['BHE', 'BHN', 'BHZ', 'HHE', 'HHN', 'HHZ', 'LHE', 'LHN', 'LHZ']"
80,XD,MC08,46.553349,-121.963219,2014-05-01T00:00:00.000000Z,2016-12-31T23:59:59.000000Z,"['BHE', 'BHN', 'BHZ', 'HHE', 'HHN', 'HHZ', 'LHE', 'LHN', 'LHZ']"
81,XD,MD05,46.523159,-122.278168,2014-05-01T00:00:00.000000Z,2016-12-31T23:59:59.000000Z,"['BHE', 'BHN', 'BHZ', 'HHE', 'HHN', 'HHZ', 'LHE', 'LHN', 'LHZ']"
82,XD,MD09,46.50288,-121.706711,2014-05-01T00:00:00.000000Z,2016-12-31T23:59:59.000000Z,"['BHE', 'BHN', 'BHZ', 'HHE', 'HHN', 'HHZ', 'LHE', 'LHN', 'LHZ']"
83,XD,MD12,46.47694,-121.220673,2014-05-01T00:00:00.000000Z,2016-12-31T23:59:59.000000Z,"['BHE', 'BHN', 'BHZ', 'HHE', 'HHN', 'HHZ', 'LHE', 'LHN', 'LHZ']"
84,XD,ME04,46.450611,-122.351936,2014-05-01T00:00:00.000000Z,2016-12-31T23:59:59.000000Z,"['BHE', 'BHN', 'BHZ', 'HHE', 'HHN', 'HHZ', 'LHE', 'LHN', 'LHZ']"
85,XD,ME06,46.463291,-122.196968,2014-05-01T00:00:00.000000Z,2016-12-31T23:59:59.000000Z,"['BHE', 'BHN', 'BHZ', 'HHE', 'HHN', 'HHZ', 'LHE', 'LHN', 'LHZ']"
86,XD,ME08,46.461948,-121.865639,2014-05-01T00:00:00.000000Z,2016-12-31T23:59:59.000000Z,"['BHE', 'BHN', 'BHZ', 'HHE', 'HHN', 'HHZ', 'LHE', 'LHN', 'LHZ']"
87,XD,MF05,46.390369,-122.386757,2014-05-01T00:00:00.000000Z,2016-12-31T23:59:59.000000Z,"['BHE', 'BHN', 'BHZ', 'HHE', 'HHN', 'HHZ', 'LHE', 'LHN', 'LHZ']"
88,XD,MF07,46.425629,-122.002274,2014-05-01T00:00:00.000000Z,2016-12-31T23:59:59.000000Z,"['BHE', 'BHN', 'BHZ', 'HHE', 'HHN', 'HHZ', 'LHE', 'LHN', 'LHZ']"
89,XD,MF09,46.389938,-121.861,2014-05-01T00:00:00.000000Z,2016-12-31T23:59:59.000000Z,"['BHE', 'BHN', 'BHZ', 'HHE', 'HHN', 'HHZ', 'LHE', 'LHN', 'LHZ']"
90,XD,MG03,46.33807,-122.476189,2014-05-01T00:00:00.000000Z,2016-12-31T23:59:59.000000Z,"['BHE', 'BHN', 'BHZ', 'HHE', 'HHN', 'HHZ', 'LHE', 'LHN', 'LHZ']"
91,XD,MG05,46.305882,-122.341927,2014-05-01T00:00:00.000000Z,2016-12-31T23:59:59.000000Z,"['BHE', 'BHN', 'BHZ', 'HHE', 'HHN', 'HHZ', 'LHE', 'LHN', 'LHZ']"
92,XD,MG06,46.35014,-122.217453,2014-05-01T00:00:00.000000Z,2016-12-31T23:59:59.000000Z,"['BHE', 'BHN', 'BHZ', 'HHE', 'HHN', 'HHZ', 'LHE', 'LHN', 'LHZ']"
93,XD,MG07,46.352852,-122.031013,2014-05-01T00:00:00.000000Z,2016-12-31T23:59:59.000000Z,"['BHE', 'BHN', 'BHZ', 'HHE', 'HHN', 'HHZ', 'LHE', 'LHN', 'LHZ']"
94,XD,MG08,46.34174,-121.928726,2014-05-01T00:00:00.000000Z,2016-12-31T23:59:59.000000Z,"['BHE', 'BHN', 'BHZ', 'HHE', 'HHN', 'HHZ', 'LHE', 'LHN', 'LHZ']"
95,XD,MG10,46.344719,-121.658089,2014-05-01T00:00:00.000000Z,2016-12-31T23:59:59.000000Z,"['BHE', 'BHN', 'BHZ', 'HHE', 'HHN', 'HHZ', 'LHE', 'LHN', 'LHZ']"
96,XD,MH04,46.279461,-122.427071,2014-05-01T00:00:00.000000Z,2016-12-31T23:59:59.000000Z,"['BHE', 'BHN', 'BHZ', 'HHE', 'HHN', 'HHZ', 'LHE', 'LHN', 'LHZ']"
97,XD,MH07,46.279812,-122.082024,2014-05-01T00:00:00.000000Z,2016-12-31T23:59:59.000000Z,"['BHE', 'BHN', 'BHZ', 'HHE', 'HHN', 'HHZ', 'LHE', 'LHN', 'LHZ']"
98,XD,MH09,46.297668,-121.801033,2014-05-01T00:00:00.000000Z,2016-12-31T23:59:59.000000Z,"['BHE', 'BHN', 'BHZ', 'HHE', 'HHN', 'HHZ', 'LHE', 'LHN', 'LHZ']"
99,XD,MH11,46.27071,-121.578484,2014-05-01T00:00:00.000000Z,2016-12-31T23:59:59.000000Z,"['BHE', 'BHN', 'BHZ', 'HHE', 'HHN', 'HHZ', 'LHE', 'LHN', 'LHZ']"
100,XD,MI04,46.195938,-122.410149,2014-05-01T00:00:00.000000Z,2016-12-31T23:59:59.000000Z,"['BHE', 'BHN', 'BHZ', 'HHE', 'HHN', 'HHZ', 'LHE', 'LHN', 'LHZ']"
101,XD,MI05,46.231098,-122.292122,2014-05-01T00:00:00.000000Z,2016-12-31T23:59:59.000000Z,"['BHE', 'BHN', 'BHZ', 'HHE', 'HHN', 'HHZ', 'LHE', 'LHN', 'LHZ']"
102,XD,MI07,46.24823,-122.07328,2014-05-01T00:00:00.000000Z,2016-12-31T23:59:59.000000Z,"['BHE', 'BHN', 'BHZ', 'HHE', 'HHN', 'HHZ', 'LHE', 'LHN', 'LHZ']"
103,XD,MI08,46.253849,-121.97448,2014-05-01T00:00:00.000000Z,2016-12-31T23:59:59.000000Z,"['BHE', 'BHN', 'BHZ', 'HHE', 'HHN', 'HHZ', 'LHE', 'LHN', 'LHZ']"
104,XD,MI09,46.22937,-121.834473,2014-05-01T00:00:00.000000Z,2016-12-31T23:59:59.000000Z,"['BHE', 'BHN', 'BHZ', 'HHE', 'HHN', 'HHZ', 'LHE', 'LHN', 'LHZ']"
105,XD,MI10,46.21928,-121.67823,2014-05-01T00:00:00.000000Z,2016-12-31T23:59:59.000000Z,"['BHE', 'BHN', 'BHZ', 'HHE', 'HHN', 'HHZ', 'LHE', 'LHN', 'LHZ']"
106,XD,MJ06,46.167049,-122.26062,2014-05-01T00:00:00.000000Z,2016-12-31T23:59:59.000000Z,"['BHE', 'BHN', 'BHZ', 'HHE', 'HHN', 'HHZ', 'LHE', 'LHN', 'LHZ']"
107,XD,MJ07,46.17878,-122.055779,2014-05-01T00:00:00.000000Z,2016-12-31T23:59:59.000000Z,"['BHE', 'BHN', 'BHZ', 'HHE', 'HHN', 'HHZ', 'LHE', 'LHN', 'LHZ']"
108,XD,MJ09,46.184181,-121.92144,2014-05-01T00:00:00.000000Z,2016-12-31T23:59:59.000000Z,"['BHE', 'BHN', 'BHZ', 'HHE', 'HHN', 'HHZ', 'LHE', 'LHN', 'LHZ']"
109,XD,MK04,46.112701,-122.390862,2014-05-01T00:00:00.000000Z,2016-12-31T23:59:59.000000Z,"['BHE', 'BHN', 'BHZ', 'HHE', 'HHN', 'HHZ', 'LHE', 'LHN', 'LHZ']"
110,XD,MK06,46.118408,-122.192528,2014-05-01T00:00:00.000000Z,2016-12-31T23:59:59.000000Z,"['BHE', 'BHN', 'BHZ', 'HHE', 'HHN', 'HHZ', 'LHE', 'LHN', 'LHZ']"
111,XD,MK07,46.152699,-122.116768,2014-05-01T00:00:00.000000Z,2016-12-31T23:59:59.000000Z,"['BHE', 'BHN', 'BHZ', 'HHE', 'HHN', 'HHZ', 'LHE', 'LHN', 'LHZ']"
112,XD,MK08,46.117378,-122.046066,2014-05-01T00:00:00.000000Z,2016-12-31T23:59:59.000000Z,"['BHE', 'BHN', 'BHZ', 'HHE', 'HHN', 'HHZ', 'LHE', 'LHN', 'LHZ']"
113,XD,MK10,46.144669,-121.771332,2014-05-01T00:00:00.000000Z,2016-12-31T23:59:59.000000Z,"['BHE', 'BHN', 'BHZ', 'HHE', 'HHN', 'HHZ', 'LHE', 'LHN', 'LHZ']"
114,XD,MK11,46.152538,-121.601936,2014-05-01T00:00:00.000000Z,2016-12-31T23:59:59.000000Z,"['BHE', 'BHN', 'BHZ', 'HHE', 'HHN', 'HHZ', 'LHE', 'LHN', 'LHZ']"
115,XD,MK12,46.113701,-121.363876,2014-05-01T00:00:00.000000Z,2016-12-31T23:59:59.000000Z,"['BHE', 'BHN', 'BHZ', 'HHE', 'HHN', 'HHZ', 'LHE', 'LHN', 'LHZ']"
116,XD,ML07,46.074268,-122.115227,2014-05-01T00:00:00.000000Z,2016-12-31T23:59:59.000000Z,"['BHE', 'BHN', 'BHZ', 'HHE', 'HHN', 'HHZ', 'LHE', 'LHN', 'LHZ']"
117,XD,ML09,46.078091,-121.880363,2014-05-01T00:00:00.000000Z,2016-12-31T23:59:59.000000Z,"['BHE', 'BHN', 'BHZ', 'HHE', 'HHN', 'HHZ', 'LHE', 'LHN', 'LHZ']"
118,XD,ML10,46.05278,-121.75087,2014-05-01T00:00:00.000000Z,2016-12-31T23:59:59.000000Z,"['BHE', 'BHN', 'BHZ', 'HHE', 'HHN', 'HHZ', 'LHE', 'LHN', 'LHZ']"
119,XD,ML11,46.0756,-121.616333,2014-05-01T00:00:00.000000Z,2016-12-31T23:59:59.000000Z,"['BHE', 'BHN', 'BHZ', 'HHE', 'HHN', 'HHZ', 'LHE', 'LHN', 'LHZ']"
120,XD,MM04,46.015251,-122.345451,2014-05-01T00:00:00.000000Z,2016-12-31T23:59:59.000000Z,"['BHE', 'BHN', 'BHZ', 'HHE', 'HHN', 'HHZ', 'LHE', 'LHN', 'LHZ']"
121,XD,MM06,46.04118,-122.256882,2014-05-01T00:00:00.000000Z,2016-12-31T23:59:59.000000Z,"['BHE', 'BHN', 'BHZ', 'HHE', 'HHN', 'HHZ', 'LHE', 'LHN', 'LHZ']"
122,XD,MM08,46.03273,-121.984123,2014-05-01T00:00:00.000000Z,2016-12-31T23:59:59.000000Z,"['BHE', 'BHN', 'BHZ', 'HHE', 'HHN', 'HHZ', 'LHE', 'LHN', 'LHZ']"
123,XD,MN07,45.992611,-122.081657,2014-05-01T00:00:00.000000Z,2016-12-31T23:59:59.000000Z,"['BHE', 'BHN', 'BHZ', 'HHE', 'HHN', 'HHZ', 'LHE', 'LHN', 'LHZ']"
124,XD,MN09,46.00074,-121.841904,2014-05-01T00:00:00.000000Z,2016-12-31T23:59:59.000000Z,"['BHE', 'BHN', 'BHZ', 'HHE', 'HHN', 'HHZ', 'LHE', 'LHN', 'LHZ']"
125,XD,MN10,45.981628,-121.680443,2014-05-01T00:00:00.000000Z,2016-12-31T23:59:59.000000Z,"['BHE', 'BHN', 'BHZ', 'HHE', 'HHN', 'HHZ', 'LHE', 'LHN', 'LHZ']"
126,XD,MO06,45.932121,-122.206078,2014-05-01T00:00:00.000000Z,2016-12-31T23:59:59.000000Z,"['BHE', 'BHN', 'BHZ', 'HHE', 'HHN', 'HHZ', 'LHE', 'LHN', 'LHZ']"
127,XD,MO07,45.885132,-122.08445,2014-05-01T00:00:00.000000Z,2016-12-31T23:59:59.000000Z,"['BHE', 'BHN', 'BHZ', 'HHE', 'HHN', 'HHZ', 'LHE', 'LHN', 'LHZ']"
128,XD,MP03,45.825569,-122.4944,2014-05-01T00:00:00.000000Z,2016-12-31T23:59:59.000000Z,"['BHE', 'BHN', 'BHZ', 'HHE', 'HHN', 'HHZ', 'LHE', 'LHN', 'LHZ']"
129,XD,MP04,45.812469,-122.381081,2014-05-01T00:00:00.000000Z,2016-12-31T23:59:59.000000Z,"['BHE', 'BHN', 'BHZ', 'HHE', 'HHN', 'HHZ', 'LHE', 'LHN', 'LHZ']"
130,XD,MP06,45.831379,-122.195908,2014-05-01T00:00:00.000000Z,2016-12-31T23:59:59.000000Z,"['BHE', 'BHN', 'BHZ', 'HHE', 'HHN', 'HHZ', 'LHE', 'LHN', 'LHZ', 'VM1', 'VM2', 'VM3']"
131,XD,MP08,45.86615,-121.91156,2014-06-25T08:00:00.000000Z,2016-12-31T23:59:59.000000Z,"['BHE', 'BHN', 'BHZ', 'CHE', 'CHN', 'CHZ', 'HHE', 'HHN', 'HHZ', 'LHE', 'LHE', 'LHN', 'LHN', 'LHZ', 'LHZ', 'VM1', 'VM2', 'VM3']"
132,XD,MP10,45.898651,-121.800774,2014-05-01T00:00:00.000000Z,2016-12-31T23:59:59.000000Z,"['BHE', 'BHN', 'BHZ', 'HHE', 'HHN', 'HHZ', 'LHE', 'LHN', 'LHZ']"
133,XD,MQ07,45.808182,-122.107208,2014-05-01T00:00:00.000000Z,2016-12-31T23:59:59.000000Z,"['BHE', 'BHN', 'BHZ', 'HHE', 'HHN', 'HHZ', 'LHE', 'LHN', 'LHZ']"
134,TA,D05A,47.188099,-121.9888,2005-11-22T00:00:00.000000Z,2008-12-03T23:59:59.000000Z,"['ACE', 'ACE', 'ACE', 'BHE', 'BHE', 'BHE', 'BHN', 'BHN', 'BHN', 'BHZ', 'BHZ', 'BHZ', 'LCE', 'LCE', 'LCE', 'LCQ', 'LCQ', 'LCQ', 'LHE', 'LHE', 'LHE', 'LHN', 'LHN', 'LHN', 'LHZ', 'LHZ', 'LHZ', 'LOG', 'LOG', 'LOG', 'OCF', 'OCF', 'OCF', 'UHE', 'UHE', 'UHE', 'UHN', 'UHN', 'UHN', 'UHZ', 'UHZ', 'UHZ', 'VCO', 'VCO', 'VCO', 'VEA', 'VEA', 'VEA', 'VEC', 'VEC', 'VEC', 'VEP', 'VEP', 'VEP', 'VHE', 'VHE', 'VHE', 'VHN', 'VHN', 'VHN', 'VHZ', 'VHZ', 'VHZ', 'VKI', 'VKI', 'VKI', 'VM0', 'VM0', 'VM0', 'VM1', 'VM1', 'VM1', 'VM2', 'VM2', 'VM2', 'VM3', 'VM3', 'VM3', 'VM4', 'VM4', 'VM4', 'VM5', 'VM5', 'VM5', 'VM6', 'VM6', 'VM6', 'VPB', 'VPB', 'VPB']"
135,TA,D06A,47.193501,-120.844498,2006-09-12T00:00:00.000000Z,2008-05-12T23:59:59.000000Z,"['ACE', 'BHE', 'BHN', 'BHZ', 'LCE', 'LCQ', 'LHE', 'LHN', 'LHZ', 'LOG', 'OCF', 'UHE', 'UHN', 'UHZ', 'VCO', 'VEA', 'VEC', 'VEP', 'VHE', 'VHN', 'VHZ', 'VKI', 'VM0', 'VM1', 'VM2', 'VM3', 'VM4', 'VM5', 'VM6', 'VPB']"
136,TA,E05A,46.560501,-121.760803,2005-10-29T00:00:00.000000Z,2008-02-11T23:59:59.000000Z,"['ACE', 'ACE', 'ACE', 'BHE', 'BHE', 'BHE', 'BHE', 'BHN', 'BHN', 'BHN', 'BHN', 'BHZ', 'BHZ', 'BHZ', 'BHZ', 'LCE', 'LCE', 'LCE', 'LCQ', 'LCQ', 'LCQ', 'LHE', 'LHE', 'LHE', 'LHE', 'LHN', 'LHN', 'LHN', 'LHN', 'LHZ', 'LHZ', 'LHZ', 'LHZ', 'LOG', 'LOG', 'LOG', 'OCF', 'OCF', 'OCF', 'UHE', 'UHE', 'UHE', 'UHE', 'UHN', 'UHN', 'UHN', 'UHN', 'UHZ', 'UHZ', 'UHZ', 'UHZ', 'VCO', 'VCO', 'VCO', 'VEA', 'VEA', 'VEA', 'VEC', 'VEC', 'VEC', 'VEP', 'VEP', 'VEP', 'VHE', 'VHE', 'VHE', 'VHE', 'VHN', 'VHN', 'VHN', 'VHN', 'VHZ', 'VHZ', 'VHZ', 'VHZ', 'VKI', 'VKI', 'VKI', 'VM0', 'VM0', 'VM0', 'VM1', 'VM1', 'VM1', 'VM2', 'VM2', 'VM2', 'VM3', 'VM3', 'VM3', 'VM4', 'VM4', 'VM4', 'VM5', 'VM5', 'VM5', 'VM6', 'VM6', 'VM6', 'VPB', 'VPB', 'VPB']"
137,TA,E06A,46.543301,-120.979103,2006-08-28T00:00:00.000000Z,2008-05-13T23:59:59.000000Z,"['ACE', 'BHE', 'BHN', 'BHZ', 'LCE', 'LCQ', 'LHE', 'LHN', 'LHZ', 'LOG', 'OCF', 'UHE', 'UHN', 'UHZ', 'VCO', 'VEA', 'VEC', 'VEP', 'VHE', 'VHN', 'VHZ', 'VKI', 'VM0', 'VM1', 'VM2', 'VM3', 'VM4', 'VM5', 'VM6', 'VPB']"
138,TA,F04A,45.932499,-122.419296,2005-10-25T00:00:00.000000Z,2008-10-27T23:59:59.000000Z,"['ACE', 'ACE', 'ACE', 'BHE', 'BHE', 'BHE', 'BHN', 'BHN', 'BHN', 'BHZ', 'BHZ', 'BHZ', 'LCE', 'LCE', 'LCE', 'LCQ', 'LCQ', 'LCQ', 'LHE', 'LHE', 'LHE', 'LHN', 'LHN', 'LHN', 'LHZ', 'LHZ', 'LHZ', 'LOG', 'LOG', 'LOG', 'OCF', 'OCF', 'OCF', 'UHE', 'UHE', 'UHE', 'UHN', 'UHN', 'UHN', 'UHZ', 'UHZ', 'UHZ', 'VCO', 'VCO', 'VCO', 'VEA', 'VEA', 'VEA', 'VEC', 'VEC', 'VEC', 'VEP', 'VEP', 'VEP', 'VHE', 'VHE', 'VHE', 'VHN', 'VHN', 'VHN', 'VHZ', 'VHZ', 'VHZ', 'VKI', 'VKI', 'VKI', 'VM0', 'VM0', 'VM0', 'VM1', 'VM1', 'VM1', 'VM2', 'VM2', 'VM2', 'VM3', 'VM3', 'VM3', 'VM4', 'VM4', 'VM4', 'VM5', 'VM5', 'VM5', 'VM6', 'VM6', 'VM6', 'VPB', 'VPB', 'VPB']"
139,TA,F05A,45.8839,-121.458801,2005-11-02T00:00:00.000000Z,2008-01-26T23:59:59.000000Z,"['ACE', 'ACE', 'ACE', 'BHE', 'BHE', 'BHE', 'BHN', 'BHN', 'BHN', 'BHZ', 'BHZ', 'BHZ', 'LCE', 'LCE', 'LCE', 'LCQ', 'LCQ', 'LCQ', 'LHE', 'LHE', 'LHE', 'LHN', 'LHN', 'LHN', 'LHZ', 'LHZ', 'LHZ', 'LOG', 'LOG', 'LOG', 'OCF', 'OCF', 'OCF', 'UHE', 'UHE', 'UHE', 'UHN', 'UHN', 'UHN', 'UHZ', 'UHZ', 'UHZ', 'VCO', 'VCO', 'VCO', 'VEA', 'VEA', 'VEA', 'VEC', 'VEC', 'VEC', 'VEP', 'VEP', 'VEP', 'VHE', 'VHE', 'VHE', 'VHN', 'VHN', 'VHN', 'VHZ', 'VHZ', 'VHZ', 'VKI', 'VKI', 'VKI', 'VM0', 'VM0', 'VM0', 'VM1', 'VM1', 'VM1', 'VM2', 'VM2', 'VM2', 'VM3', 'VM3', 'VM3', 'VM4', 'VM4', 'VM4', 'VM5', 'VM5', 'VM5', 'VM6', 'VM6', 'VM6', 'VPB', 'VPB', 'VPB']"
140,TA,F05D,45.885201,-121.459702,2010-08-13T00:00:00.000000Z,2016-06-01T23:59:59.000000Z,"['ACE', 'BHE', 'BHN', 'BHZ', 'HHE', 'HHN', 'HHZ', 'HNE', 'HNN', 'HNZ', 'LCE', 'LCQ', 'LHE', 'LHN', 'LHZ', 'LNE', 'LNN', 'LNZ', 'LOG', 'OCF', 'UHE', 'UHN', 'UHZ', 'VCO', 'VEA', 'VEC', 'VEP', 'VHE', 'VHN', 'VHZ', 'VKI', 'VM0', 'VM1', 'VM2', 'VM3', 'VM4', 'VM5', 'VM6', 'VPB', 'BDF', 'BDO', 'LCE', 'LCE', 'LCO', 'LCO', 'LDF', 'LDM', 'LDM', 'LDO', 'LEP', 'LEP', 'LIM', 'LIM', 'LKM', 'LKM']"
141,TA,F06A,45.766399,-120.7817,2006-08-26T00:00:00.000000Z,2008-03-28T23:59:59.000000Z,"['ACE', 'ACE', 'BHE', 'BHE', 'BHN', 'BHN', 'BHZ', 'BHZ', 'LCE', 'LCE', 'LCQ', 'LCQ', 'LHE', 'LHE', 'LHN', 'LHN', 'LHZ', 'LHZ', 'LOG', 'LOG', 'OCF', 'OCF', 'UHE', 'UHE', 'UHN', 'UHN', 'UHZ', 'UHZ', 'VCO', 'VCO', 'VEA', 'VEA', 'VEC', 'VEC', 'VEP', 'VEP', 'VHE', 'VHE', 'VHN', 'VHN', 'VHZ', 'VHZ', 'VKI', 'VKI', 'VM0', 'VM0', 'VM1', 'VM1', 'VM2', 'VM2', 'VM3', 'VM3', 'VM4', 'VM4', 'VM5', 'VM5', 'VM6', 'VM6', 'VPB', 'VPB']"
142,TA,G04A,45.205898,-122.478401,2005-11-09T00:00:00.000000Z,2008-11-12T23:59:59.000000Z,"['ACE', 'ACE', 'ACE', 'ACE', 'ACE', 'BHE', 'BHE', 'BHE', 'BHE', 'BHE', 'BHN', 'BHN', 'BHN', 'BHN', 'BHN', 'BHZ', 'BHZ', 'BHZ', 'BHZ', 'BHZ', 'LCE', 'LCE', 'LCE', 'LCE', 'LCE', 'LCQ', 'LCQ', 'LCQ', 'LCQ', 'LCQ', 'LHE', 'LHE', 'LHE', 'LHE', 'LHE', 'LHN', 'LHN', 'LHN', 'LHN', 'LHN', 'LHZ', 'LHZ', 'LHZ', 'LHZ', 'LHZ', 'LOG', 'LOG', 'LOG', 'LOG', 'LOG', 'OCF', 'OCF', 'OCF', 'OCF', 'OCF', 'UHE', 'UHE', 'UHE', 'UHE', 'UHE', 'UHN', 'UHN', 'UHN', 'UHN', 'UHN', 'UHZ', 'UHZ', 'UHZ', 'UHZ', 'UHZ', 'VCO', 'VCO', 'VCO', 'VCO', 'VCO', 'VEA', 'VEA', 'VEA', 'VEA', 'VEA', 'VEC', 'VEC', 'VEC', 'VEC', 'VEC', 'VEP', 'VEP', 'VEP', 'VEP', 'VEP', 'VHE', 'VHE', 'VHE', 'VHE', 'VHE', 'VHN', 'VHN', 'VHN', 'VHN', 'VHN', 'VHZ', 'VHZ', 'VHZ', 'VHZ', 'VHZ', 'VKI', 'VKI', 'VKI', 'VKI', 'VKI', 'VM0', 'VM0', 'VM0', 'VM0', 'VM0', 'VM1', 'VM1', 'VM1', 'VM1', 'VM1', 'VM2', 'VM2', 'VM2', 'VM2', 'VM2', 'VM3', 'VM3', 'VM3', 'VM3', 'VM3', 'VM4', 'VM4', 'VM4', 'VM4', 'VM4', 'VM5', 'VM5', 'VM5', 'VM5', 'VM5', 'VM6', 'VM6', 'VM6', 'VM6', 'VM6', 'VPB', 'VPB', 'VPB', 'VPB', 'VPB']"
143,TA,G05A,45.242199,-121.316704,2005-11-03T00:00:00.000000Z,2008-03-27T23:59:59.000000Z,"['ACE', 'ACE', 'ACE', 'BHE', 'BHE', 'BHE', 'BHE', 'BHN', 'BHN', 'BHN', 'BHN', 'BHZ', 'BHZ', 'BHZ', 'BHZ', 'LCE', 'LCE', 'LCE', 'LCQ', 'LCQ', 'LCQ', 'LHE', 'LHE', 'LHE', 'LHE', 'LHN', 'LHN', 'LHN', 'LHN', 'LHZ', 'LHZ', 'LHZ', 'LHZ', 'LOG', 'LOG', 'LOG', 'OCF', 'OCF', 'OCF', 'UHE', 'UHE', 'UHE', 'UHE', 'UHN', 'UHN', 'UHN', 'UHN', 'UHZ', 'UHZ', 'UHZ', 'UHZ', 'VCO', 'VCO', 'VCO', 'VEA', 'VEA', 'VEA', 'VEC', 'VEC', 'VEC', 'VEP', 'VEP', 'VEP', 'VHE', 'VHE', 'VHE', 'VHE', 'VHN', 'VHN', 'VHN', 'VHN', 'VHZ', 'VHZ', 'VHZ', 'VHZ', 'VKI', 'VKI', 'VKI', 'VM0', 'VM0', 'VM0', 'VM1', 'VM1', 'VM1', 'VM2', 'VM2', 'VM2', 'VM3', 'VM3', 'VM3', 'VM4', 'VM4', 'VM4', 'VM5', 'VM5', 'VM5', 'VM6', 'VM6', 'VM6', 'VPB', 'VPB', 'VPB']"
144,TA,G05D,45.242199,-121.316704,2009-10-22T00:00:00.000000Z,2016-09-30T23:59:59.000000Z,"['ACE', 'BHE', 'BHN', 'BHZ', 'HHE', 'HHN', 'HHZ', 'HNE', 'HNN', 'HNZ', 'LCE', 'LCQ', 'LHE', 'LHN', 'LHZ', 'LNE', 'LNN', 'LNZ', 'LOG', 'OCF', 'UHE', 'UHN', 'UHZ', 'VCO', 'VEA', 'VEC', 'VEP', 'VHE', 'VHN', 'VHZ', 'VKI', 'VM0', 'VM1', 'VM2', 'VM3', 'VM4', 'VM5', 'VM6', 'VPB', 'BDF', 'BDO', 'LCE', 'LCE', 'LCO', 'LCO', 'LDF', 'LDM', 'LDM', 'LDO', 'LEP', 'LEP', 'LIM', 'LIM', 'LKM', 'LKM', 'QEP']"
145,TA,G06A,45.235699,-120.635101,2006-08-15T00:00:00.000000Z,2009-01-08T23:59:59.000000Z,"['ACE', 'ACE', 'BHE', 'BHE', 'BHN', 'BHN', 'BHZ', 'BHZ', 'LCE', 'LCE', 'LCQ', 'LCQ', 'LHE', 'LHE', 'LHN', 'LHN', 'LHZ', 'LHZ', 'LOG', 'LOG', 'OCF', 'OCF', 'UHE', 'UHE', 'UHN', 'UHN', 'UHZ', 'UHZ', 'VCO', 'VCO', 'VEA', 'VEA', 'VEC', 'VEC', 'VEP', 'VEP', 'VHE', 'VHE', 'VHN', 'VHN', 'VHZ', 'VHZ', 'VKI', 'VKI', 'VM0', 'VM0', 'VM1', 'VM1', 'VM2', 'VM2', 'VM3', 'VM3', 'VM4', 'VM4', 'VM5', 'VM5', 'VM6', 'VM6', 'VPB', 'VPB']"
146,CC,ARAT,46.789,-121.853,2020-08-06T00:00:00.000000Z,2024-03-12T21:01:39.563642Z,"['BHE', 'BHE', 'BHN', 'BHN', 'BHZ', 'BHZ', 'CHE', 'CHN', 'CHZ', 'BDF', 'BDF', 'CDF', 'BDF', 'BDF', 'CDF', 'BDF', 'BDF', 'CDF', 'HDF', 'HDF', 'HDF', 'HDF', 'HDF', 'HDF']"
147,CC,BRSP,45.40155,-121.70843,2020-07-22T00:00:00.000000Z,2024-03-12T21:01:39.563642Z,"['BHE', 'BHE', 'BHE', 'BHN', 'BHN', 'BHN', 'BHZ', 'BHZ', 'BHZ', 'CHE', 'CHN', 'CHZ', 'BDF', 'BDF', 'CDF']"
148,CC,CARB,46.98832,-122.00541,2018-10-16T00:00:00.000000Z,2024-03-12T21:01:39.563642Z,"['BHE', 'BHE', 'BHE', 'BHN', 'BHN', 'BHN', 'BHZ', 'BHZ', 'BHZ', 'CHE', 'CHN', 'CHZ']"
149,CC,COPP,46.79798,-121.82875,2022-09-20T11:00:00.000000Z,2024-03-12T21:01:39.563642Z,"['BHE', 'BHE', 'BHN', 'BHN', 'BHZ', 'BHZ', 'CHE', 'CHN', 'CHZ', 'BDF', 'BDF', 'BDF', 'CDF', 'BDF', 'BDF', 'BDF', 'CDF', 'BDF', 'BDF', 'BDF', 'CDF']"
150,CC,CRBN,46.988155,-121.961026,2020-10-22T00:00:00.000000Z,2024-03-12T21:01:39.563642Z,"['BHE', 'BHE', 'BHE', 'BHN', 'BHN', 'BHN', 'BHZ', 'BHZ', 'BHZ', 'CHE', 'CHN', 'CHZ', 'BDF', 'BDF', 'BDF', 'CDF', 'BDF', 'BDF', 'BDF', 'CDF', 'BDF', 'BDF', 'BDF', 'CDF']"
151,CC,ELBE,46.76645,-122.19329,2023-08-23T00:00:00.000000Z,2024-03-12T21:01:39.563642Z,"['BHE', 'BHN', 'BHZ']"
152,CC,FLAT,46.18951,-122.35646,2023-06-28T00:00:00.000000Z,2024-03-12T21:01:39.563642Z,"['BHE', 'BHN', 'BHZ']"
153,CC,GNOB,46.79414,-121.91438,2022-10-18T13:21:00.000000Z,2024-03-12T21:01:39.563642Z,"['BHE', 'BHN', 'BHZ']"
154,CC,GOBB,46.79414,-121.91438,2022-09-07T00:00:00.000000Z,2024-03-12T21:01:39.563642Z,"['BHE', 'BHN', 'BHZ']"
155,CC,GTWY,46.740208,-121.916966,2020-10-28T20:00:00.000000Z,2024-03-12T21:01:39.563642Z,"['BHE', 'BHE', 'BHN', 'BHN', 'BHZ', 'BHZ', 'CHE', 'CHN', 'CHZ', 'BDF', 'BDF', 'BDF', 'CDF', 'BDF', 'BDF', 'CDF', 'BDF', 'BDF', 'CDF']"
156,CC,GUAC,46.2192,-122.19233,2018-11-19T00:00:00.000000Z,2024-03-12T21:01:39.563642Z,"['CDF', 'HDF', 'HDF', 'HDF', 'HDF', 'CDF', 'HDF', 'HDF', 'HDF', 'HDF', 'CDF', 'HDF', 'HDF', 'HDF', 'HDF', 'CDF', 'HDF', 'HDF', 'HDF', 'HDF', 'CDF', 'HDF', 'HDF']"
157,CC,HIYU,45.43523,-121.807396,2013-11-19T00:00:00.000000Z,2024-03-12T21:01:39.563642Z,"['BHE', 'BHE', 'BHN', 'BHN', 'BHZ', 'BHZ', 'CHE', 'CHN', 'CHZ']"
158,CC,HOA,46.24178,-122.19183,2021-06-08T00:00:00.000000Z,2024-03-12T21:01:39.563642Z,"['BHE', 'BHE', 'BHN', 'BHN', 'BHZ', 'BHZ', 'CHE', 'CHN', 'CHZ', 'BDF', 'BDF', 'CDF', 'BDF', 'BDF', 'CDF', 'BDF', 'BDF', 'CDF', 'HDF', 'HDF', 'HDF', 'HDF', 'HDF']"
159,CC,HTHR,45.338775,-121.659045,2021-01-05T00:00:00.000000Z,2021-03-11T22:00:00.000000Z,"['HDF', 'HDF', 'HDF', 'HDF', 'HDF', 'HDF', 'HDF']"
160,CC,HUT1,45.61126,-122.49676,2023-02-10T00:00:00.000000Z,2024-03-12T21:01:39.563642Z,"['BHE', 'BHN', 'BHZ', 'BDF']"
161,CC,JRO,46.27527,-122.21826,2004-10-02T00:00:00.000000Z,2024-03-12T21:01:39.563642Z,"['HHE', 'HHN', 'HHZ']"
162,CC,KAUT,46.730263,-121.857381,2020-09-02T00:00:00.000000Z,2024-03-12T21:01:39.563642Z,"['BHE', 'BHE', 'BHN', 'BHN', 'BHZ', 'BHZ', 'CHE', 'CHN', 'CHZ', 'BDF', 'BDF', 'CDF', 'BDF', 'BDF', 'CDF', 'BDF', 'BDF', 'BDF', 'CDF']"
163,CC,KAVK,46.76041,-122.03856,2023-08-22T00:00:00.000000Z,2024-03-12T21:01:39.563642Z,"['BHE', 'BHE', 'BHN', 'BHN', 'BHZ', 'BHZ']"
164,CC,LOO,46.22375,-122.18439,2021-06-08T00:00:00.000000Z,2024-03-12T21:01:39.563642Z,"['BHE', 'BHE', 'BHN', 'BHN', 'BHZ', 'BHZ', 'CHE', 'CHN', 'CHZ']"
165,CC,LSON,45.3596,-121.64719,2020-07-22T00:00:00.000000Z,2024-03-12T21:01:39.563642Z,"['BHE', 'BHE', 'BHE', 'BHN', 'BHN', 'BHN', 'BHZ', 'BHZ', 'BHZ', 'CHE', 'CHN', 'CHZ', 'BDF', 'BDF', 'CDF']"
166,CC,MAR,46.28532,-122.29667,2021-06-17T00:00:00.000000Z,2024-03-12T21:01:39.563642Z,"['BHE', 'BHE', 'BHN', 'BHN', 'BHZ', 'BHZ', 'CHE', 'CHN', 'CHZ', 'BDF', 'BDF', 'CDF', 'BDF', 'BDF', 'CDF', 'BDF', 'BDF', 'BDF', 'CDF']"
167,CC,MHX,45.344186,-121.672363,2021-01-05T00:00:00.000000Z,2022-06-02T00:00:00.000000Z,"['HDF', 'HDF', 'HDF', 'HDF', 'HDF', 'HDF', 'HDF', 'HDF', 'HDF', 'HDF', 'HDF', 'HDF', 'HDF', 'HDF']"
168,CC,MILD,46.8081,-121.77568,2022-09-20T00:00:00.000000Z,2024-03-12T21:01:39.563642Z,"['BHE', 'BHE', 'BHN', 'BHN', 'BHZ', 'BHZ', 'CHE', 'CHN', 'CHZ', 'BDF', 'BDF', 'CDF', 'BDF', 'BDF', 'CDF', 'BDF', 'BDF', 'CDF']"
169,CC,MIRR,46.8005,-121.8376,2020-07-14T00:00:00.000000Z,2022-09-04T00:00:00.000000Z,"['HDF', 'HDF', 'HDF', 'HDF', 'HDF', 'HDF', 'HDF', 'HDF', 'HDF', 'HDF', 'HDF', 'HDF', 'HDF', 'HDF']"
170,CC,NFT,46.27,-122.25611,2021-06-08T00:00:00.000000Z,2024-03-12T21:01:39.563642Z,"['BHE', 'BHE', 'BHE', 'BHN', 'BHN', 'BHN', 'BHZ', 'BHZ', 'BHZ', 'CHE', 'CHN', 'CHZ']"
171,CC,NMSF,46.215371,-122.24465,2021-10-07T00:00:00.000000Z,2021-11-22T00:00:00.000000Z,"['HDF', 'HDF', 'HDF', 'HDF', 'HDF']"
172,CC,OBSR,46.899719,-121.815331,2008-11-19T00:00:00.000000Z,2024-03-12T21:01:39.563642Z,"['BHE', 'BHN', 'BHZ']"
173,CC,OPCH,46.731288,-121.5713,2020-10-26T00:00:00.000000Z,2024-03-12T21:01:39.563642Z,"['BHE', 'BHE', 'BHN', 'BHN', 'BHZ', 'BHZ', 'CHE', 'CHN', 'CHZ', 'BDF', 'BDF', 'CDF', 'BDF', 'BDF', 'CDF', 'BDF', 'BDF', 'CDF']"
174,CC,PALM,45.358574,-121.705536,2014-09-28T00:00:00.000000Z,2024-03-12T21:01:39.563642Z,"['BHE', 'BHN', 'BHZ']"
175,CC,PANH,46.859032,-121.642592,2007-09-10T00:00:00.000000Z,2024-03-12T21:01:39.563642Z,"['BHE', 'BHE', 'BHE', 'BHN', 'BHN', 'BHN', 'BHZ', 'BHZ', 'BHZ']"
176,CC,PARA,46.786441,-121.742195,2020-10-07T00:00:00.000000Z,2024-03-12T21:01:39.563642Z,"['BHE', 'BHE', 'BHN', 'BHN', 'BHZ', 'BHZ', 'CHE', 'CHN', 'CHZ', 'BDF', 'BDF', 'CDF', 'BDF', 'BDF', 'CDF', 'BDF', 'BDF', 'BDF', 'CDF']"
177,CC,PR01,46.910103,-122.037586,2016-11-03T00:00:00.000000Z,2024-03-12T21:01:39.564643Z,"['BHE', 'BHN', 'BHZ']"
178,CC,PR02,46.918303,-122.048695,2016-11-17T00:00:00.000000Z,2024-03-12T21:01:39.564643Z,"['BHE', 'BHN', 'BHZ']"
179,CC,PR03,46.903433,-122.032691,2016-09-15T00:00:00.000000Z,2024-03-12T21:01:39.564643Z,"['BHE', 'BHE', 'BHN', 'BHN', 'BHZ', 'BHZ', 'BDF', 'BDF', 'BDF', 'BDF', 'BDF']"
180,CC,PR04,46.929773,-121.988592,2017-01-01T00:00:00.000000Z,2024-03-12T21:01:39.564643Z,"['BHE', 'BHN', 'BHZ', 'BDF', 'BDF', 'BDF', 'BDF']"
181,CC,PR05,46.841723,-121.948863,2017-09-28T00:00:00.000000Z,2024-03-12T21:01:39.564643Z,"['BHE', 'BHE', 'BHN', 'BHN', 'BHZ', 'BHZ', 'CHE', 'CHN', 'CHZ', 'BDF', 'BDF', 'BDF', 'CDF', 'BDF', 'BDF', 'BDF', 'CDF', 'BDF', 'BDF', 'BDF', 'CDF']"
182,CC,REM,46.2002,-122.1855,2018-07-25T00:00:00.000000Z,2024-03-12T21:01:39.564643Z,"['BHE', 'BHN', 'BHZ']"
183,CC,RUSH,46.90305,-121.94419,2019-06-20T00:00:00.000000Z,2024-03-12T21:01:39.564643Z,"['BHE', 'BHN', 'BHZ']"
184,CC,SEP,46.19978,-122.190857,2004-11-05T00:00:00.000000Z,2024-03-12T21:01:39.564643Z,"['BHE', 'BHE', 'BHN', 'BHN', 'BHZ', 'BHZ', 'CHE', 'CHN', 'CHZ', 'BDF', 'BDF', 'CDF']"
185,CC,SHRK,45.464317,-121.52877,2015-08-04T00:00:00.000000Z,2024-03-12T21:01:39.564643Z,"['BHE', 'BHE', 'BHE', 'BHN', 'BHN', 'BHN', 'BHZ', 'BHZ', 'BHZ']"
186,CC,SIFT,46.86683,-121.95329,2019-06-20T00:00:00.000000Z,2024-03-12T21:01:39.564643Z,"['BHE', 'BHE', 'BHE', 'BHN', 'BHN', 'BHN', 'BHZ', 'BHZ', 'BHZ', 'BDF', 'BDF', 'BDF', 'BDF', 'BDF', 'BDF']"
187,CC,SMSF,46.20771,-122.25082,2021-09-16T00:00:00.000000Z,2021-11-22T00:00:00.000000Z,"['HDF', 'HDF', 'HDF', 'HDF', 'HDF', 'HDF']"
188,CC,STAD,45.339172,-121.659385,2021-03-11T23:00:00.000000Z,2024-03-12T21:01:39.564643Z,"['HDF', 'HDF', 'HDF', 'HDF', 'HDF', 'HDF', 'HDF', 'HDF', 'HDF', 'HDF', 'HDF', 'HDF', 'HDF', 'HDF', 'HDF', 'HDF']"
189,CC,STD,46.23749,-122.22421,2004-10-05T00:00:00.000000Z,2024-03-12T21:01:39.564643Z,"['BHE', 'BHE', 'BHN', 'BHN', 'BHZ', 'BHZ', 'CHE', 'CHN', 'CHZ']"
190,CC,STYX,46.963747,-122.080535,2022-05-25T00:00:00.000000Z,2024-03-12T21:01:39.564643Z,"['BHE', 'BHE', 'BHN', 'BHN', 'BHZ', 'BHZ', 'CHE', 'CHN', 'CHZ', 'BDF', 'BDF', 'CDF', 'BDF', 'BDF', 'CDF', 'BDF', 'BDF', 'CDF']"
191,CC,SUG,46.215549,-122.176262,2009-08-07T00:00:00.000000Z,2024-03-12T21:01:39.564643Z,"['BHE', 'BHE', 'BHN', 'BHN', 'BHZ', 'BHZ', 'CHE', 'CHN', 'CHZ']"
192,CC,SWF2,46.178349,-122.216766,2013-08-29T00:00:00.000000Z,2024-03-12T21:01:39.564643Z,"['BHE', 'BHN', 'BHZ']"
193,CC,TABR,46.80435,-121.84948,2022-09-26T00:00:00.000000Z,2024-03-12T21:01:39.564643Z,"['BHE', 'BHE', 'BHN', 'BHN', 'BHZ', 'BHZ', 'CHE', 'CHN', 'CHZ', 'BDF', 'BDF', 'CDF']"
194,CC,TAVI,46.7957,-121.88423,2022-09-26T00:00:00.000000Z,2024-03-12T21:01:39.564643Z,"['BHE', 'BHE', 'BHN', 'BHN', 'BHZ', 'BHZ', 'CHE', 'CHN', 'CHZ', 'BDF', 'BDF', 'CDF', 'BDF', 'BDF', 'CDF', 'BDF', 'BDF', 'CDF']"
195,CC,TIMB,45.33572,-121.710358,2006-09-29T00:00:00.000000Z,2024-03-12T21:01:39.564643Z,"['BHE', 'BHE', 'BHN', 'BHN', 'BHZ', 'BHZ', 'CHE', 'CHN', 'CHZ']"
196,CC,TRON,46.9977,-122.1753,2022-05-25T00:00:00.000000Z,2024-03-12T21:01:39.564643Z,"['BHE', 'BHE', 'BHN', 'BHN', 'BHZ', 'BHZ', 'CHE', 'CHN', 'CHZ']"
197,CC,UNFR,46.27251,-122.291983,2021-06-17T00:00:00.000000Z,2024-03-12T21:01:39.564643Z,"['BHE', 'BHN', 'BHZ']"
198,CC,USFR,46.215333,-122.232778,2022-06-30T00:00:00.000000Z,2024-03-12T21:01:39.564643Z,"['BHE', 'BHE', 'BHN', 'BHN', 'BHZ', 'BHZ', 'CHE', 'CHN', 'CHZ']"
199,CC,VALT,46.214218,-122.189247,2006-08-01T00:00:00.000000Z,2024-03-12T21:01:39.564643Z,"['BHE', 'BHN', 'BHZ']"
200,CC,VOIT,46.96636,-121.98328,2019-09-25T00:00:00.000000Z,2024-03-12T21:01:39.564643Z,"['BHE', 'BHN', 'BHZ']"
201,CC,WOW,46.78003,-121.8851,2022-09-27T00:00:00.000000Z,2024-03-12T21:01:39.564643Z,"['BHE', 'BHE', 'BHN', 'BHN', 'BHZ', 'BHZ', 'CHE', 'CHN', 'CHZ', 'BDF', 'BDF', 'CDF']"
202,CC,YOCR,45.379178,-121.743539,2020-10-01T00:00:00.000000Z,2024-03-12T21:01:39.564643Z,"['BHE', 'BHE', 'BHN', 'BHN', 'BHZ', 'BHZ', 'BDF']"
203,YH,MF00,46.348202,-122.241699,2016-06-15T00:00:00.000000Z,2016-11-05T23:59:59.000000Z,"['HHE', 'HHN', 'HHZ', 'LHE', 'LHN', 'LHZ', 'LOG', 'VM1', 'VM2', 'VM3']"
204,YH,MF11,46.36718,-122.238571,2016-06-16T00:00:00.000000Z,2016-12-31T23:59:59.000000Z,"['C2M', 'C3M', 'HHE', 'HHN', 'HHZ', 'SWL']"
205,YH,MF12,46.365799,-122.2202,2016-06-16T00:00:00.000000Z,2016-11-05T23:59:59.000000Z,"['HHE', 'HHN', 'HHZ', 'LHE', 'LHN', 'LHZ', 'LOG', 'VM1', 'VM2', 'VM3']"
206,YH,MF13,46.374142,-122.208527,2016-06-16T00:00:00.000000Z,2016-12-31T23:59:59.000000Z,"['HHE', 'HHN', 'HHZ']"
207,YH,MF15,46.389301,-122.231796,2016-06-17T00:00:00.000000Z,2016-11-05T23:59:59.000000Z,"['HHE', 'HHN', 'HHZ', 'LHE', 'LHN', 'LHZ', 'LOG', 'VM1', 'VM2', 'VM3']"
208,YH,MF21,46.354801,-122.225197,2016-06-16T00:00:00.000000Z,2016-11-05T23:59:59.000000Z,"['HHE', 'HHN', 'HHZ', 'LHE', 'LHN', 'LHZ', 'LOG', 'VM1', 'VM2', 'VM3']"
209,YH,MF32,46.342579,-122.217789,2016-06-15T00:00:00.000000Z,2016-12-31T23:59:59.000000Z,"['HHE', 'HHN', 'HHZ']"
210,YH,MF34,46.334709,-122.195038,2016-06-17T00:00:00.000000Z,2016-12-31T23:59:59.000000Z,"['HHE', 'HHN', 'HHZ']"
211,YH,MF41,46.34127,-122.240768,2016-06-16T00:00:00.000000Z,2016-12-31T23:59:59.000000Z,"['HHE', 'HHN', 'HHZ']"
212,YH,MF42,46.326698,-122.238403,2016-06-14T00:00:00.000000Z,2016-11-05T23:59:59.000000Z,"['HHE', 'HHN', 'HHZ', 'LHE', 'LHN', 'LHZ', 'LOG', 'VM1', 'VM2', 'VM3']"
213,YH,MF54,46.31348,-122.260246,2016-06-17T00:00:00.000000Z,2016-12-31T23:59:59.000000Z,"['HHE', 'HHN', 'HHZ']"
214,YH,MF61,46.34457,-122.249771,2016-08-18T00:00:00.000000Z,2016-12-31T23:59:59.000000Z,"['C2M', 'C3M', 'HHE', 'HHN', 'HHZ', 'SWL']"
215,YH,MF64,46.329498,-122.295197,2016-06-17T00:00:00.000000Z,2016-11-05T23:59:59.000000Z,"['HHE', 'HHN', 'HHZ', 'LHE', 'LHN', 'LHZ', 'LOG', 'VM1', 'VM2', 'VM3']"
216,YH,MF68,46.3088,-122.337502,2016-06-17T00:00:00.000000Z,2016-11-05T23:59:59.000000Z,"['HHE', 'HHN', 'HHZ', 'LHE', 'LHN', 'LHZ', 'LOG', 'VM1', 'VM2', 'VM3']"
217,YH,MF72,46.361099,-122.263901,2016-06-16T00:00:00.000000Z,2016-11-05T23:59:59.000000Z,"['HHE', 'HHN', 'HHZ', 'LHE', 'LHN', 'LHZ', 'LOG', 'VM1', 'VM2', 'VM3']"
218,YH,MF74,46.347672,-122.296806,2016-06-17T00:00:00.000000Z,2016-12-31T23:59:59.000000Z,"['HHE', 'HHN', 'HHZ']"
219,YH,MF75,46.373798,-122.298798,2016-06-17T00:00:00.000000Z,2016-11-05T23:59:59.000000Z,"['HHE', 'HHN', 'HHZ', 'LHE', 'LHN', 'LHZ', 'LOG', 'VM1', 'VM2', 'VM3']"
220,YH,MF77,46.360989,-122.334732,2016-06-17T00:00:00.000000Z,2016-12-31T23:59:59.000000Z,"['HHE', 'HHN', 'HHZ']"
221,YH,MF79,46.3941,-122.346001,2016-06-17T00:00:00.000000Z,2016-11-05T23:59:59.000000Z,"['HHE', 'HHN', 'HHZ', 'LHE', 'LHN', 'LHZ', 'LOG', 'VM1', 'VM2', 'VM3']"
222,YH,MF85,46.3932,-122.280296,2016-06-17T00:00:00.000000Z,2016-11-05T23:59:59.000000Z,"['HHE', 'HHN', 'HHZ', 'LHE', 'LHN', 'LHZ', 'LOG', 'VM1', 'VM2', 'VM3']"
